Name|Street|City|Postal|Email|Date|Phone
Caesar Merritt|101-376 Erat. Rd.|Roveredo in Piano|4797|Fusce@enimnectempus.ca|29/11/18|1-138-413-2199
Nash Nelson|P.O. Box 796, 3307 Risus. Road|Pellizzano|77961|accumsan@commodohendreritDonec.net|10/11/18|915-7140
Keegan Best|Ap #586-5148 Sapien. Av.|Ottignies-Louvain-la-Neuve|45027-847|fermentum.vel.mauris@fermentumarcu.ca|10/11/17|1-419-762-2455
Thor Leblanc|Ap #486-1448 Integer Rd.|Pöttsching|58424|eleifend@pedeac.edu|19/09/18|404-7925
Gregory Knowles|Ap #673-8906 Vivamus St.|Westlock|19129|urna.Nullam.lobortis@Phasellusvitae.net|03/08/17|1-133-877-7789
Cooper Allison|Ap #351-5538 Eu Avenue|Murcia|30540|interdum.Sed@Etiamgravidamolestie.net|29/12/17|1-297-660-3551
Keith Cherry|P.O. Box 482, 9192 Etiam Rd.|Schweinfurt|40500|sed.turpis@faucibusut.org|24/08/18|351-7341
Kelly Vincent|Ap #317-3418 Luctus Ave|Carleton|25221|lacus.varius.et@euismodmauriseu.co.uk|06/02/18|1-679-323-6128
Roth Buckner|6378 Magna Street|Fauvillers|55195|augue@fermentum.net|11/06/17|729-0121
Cameron Calhoun|2876 Arcu Rd.|Stirling|R1G 9Z2|Mauris@estacmattis.ca|16/12/17|1-458-205-3549
Lawrence Nguyen|Ap #118-9438 Quis, Street|Gonars|62891|arcu.Vestibulum@nuncinterdum.com|08/06/18|642-3133
Kyle Nolan|7141 Turpis. Road|Malbaie|7504|eu.metus.In@atiaculis.ca|28/09/17|1-663-586-9412
Raja Wilkerson|814-4471 Sollicitudin Av.|Amelia|4315|in.magna@risus.edu|18/04/17|1-696-451-9305
Ezra Benson|895-7219 Mollis. Avenue|Lillianes|301397|egestas.Aliquam@nibhPhasellusnulla.edu|25/04/17|1-822-810-8734
Tad Newman|398-8221 Aenean Ave|Maubeuge|6311|enim.Nunc.ut@sagittis.net|29/10/17|555-7664
Timothy Reid|Ap #903-8043 Mattis. Street|Froidchapelle|8427|Duis.mi.enim@sapienAenean.net|25/11/17|1-952-805-1636
Dennis Whitney|9306 Sollicitudin Road|Duns|967649|Sed@Fuscealiquetmagna.co.uk|25/01/19|1-533-707-2332
Charles Norris|Ap #672-2832 Ac Rd.|Pulle|5689|lobortis@liberonec.ca|15/01/18|1-160-539-8586
Wallace Byrd|1458 Quis Avenue|Hard|373246|augue.ut.lacus@eu.org|23/12/17|330-6846
Thaddeus Rodriguez|P.O. Box 356, 6337 Velit Rd.|Pazarcık|4017|ligula@justo.co.uk|07/09/17|1-764-183-7791
Hall Phelps|7430 Gravida Avenue|Ammanford|8282 XB|dolor@magnisdisparturient.com|27/07/17|1-686-582-3882
Graiden Guzman|7937 In Av.|Ponte nelle Alpi|61105|Nullam.vitae.diam@enimsit.org|14/12/18|1-505-162-2939
Cedric Walters|3090 Molestie Street|College|53-137|lorem.eu@vel.net|22/06/18|252-4806
Bernard Stokes|Ap #217-5308 Purus. Rd.|Cassaro|509032|auctor.vitae.aliquet@nislsem.edu|23/10/17|1-557-219-5209
Malcolm Contreras|5925 Diam Ave|Agra|VO6 5UR|non@blanditcongue.ca|03/02/18|1-471-704-6537
August Matthews|P.O. Box 678, 8137 Mattis Rd.|Lahore|11440|ut.pellentesque.eget@dapibus.edu|17/07/17|543-6261
Conan Barber|Ap #192-4050 Dignissim. Rd.|Delta|49033|justo@malesuada.ca|04/11/18|1-283-449-2930
Calvin Burch|8929 In Rd.|Candela|V5W 0K0|nisl@vel.ca|14/07/18|1-884-491-6085
Fitzgerald Sharp|5171 Adipiscing St.|Bridgwater|55088|nulla.Donec.non@sem.org|21/08/18|786-3854
Blaze Carson|Ap #663-5567 Tincidunt Av.|Borgomaro|P0 5KN|in@arcuVestibulumante.org|29/10/17|1-385-954-0082
Caleb Duke|190-3012 Ac St.|Ripabottoni|55857|dis.parturient.montes@atiaculis.co.uk|27/09/18|203-1949
Merrill Barron|Ap #585-1716 Elit Rd.|Burin|6495|a.enim@vitaenibh.com|23/12/18|653-7328
Armand Clayton|Ap #282-2580 Vel, Street|Torre Cajetani|29160-973|purus.ac@pedeCum.ca|15/05/18|1-351-779-0645
Emery Vang|224-1245 Orci. St.|Bamberg|907738|nec.ante.Maecenas@libero.net|21/02/18|176-1820
Valentine Crosby|Ap #299-8432 Lacus. Ave|Huntsville|63071|elit.pretium@euarcuMorbi.ca|24/07/17|190-9725
Alfonso Mcintosh|1187 Ultrices. Rd.|Poole|T3A 4N5|parturient@eratvitae.edu|23/12/18|440-1121
David Frazier|484-6683 Sit Road|Redlands|8174|Nulla.semper@semut.com|16/01/18|212-8839
Raymond Kinney|P.O. Box 461, 8788 Nisi. Av.|Pointe-aux-Trembles|ML31 2QZ|pede@pedeSuspendisse.net|08/04/17|1-489-292-9994
Nathaniel Trevino|692-2603 Erat St.|Rampur|3789|erat.eget@nonloremvitae.com|13/08/18|785-8483
Daniel Gates|653-1886 Litora Rd.|King's Lynn|47937|euismod.enim.Etiam@eteuismod.net|20/09/18|565-9896
Wallace Newton|224-4459 Ut Av.|Zelem|97944|felis@rhoncus.ca|23/05/18|551-9870
Stephen Bradley|7424 Dui Ave|Pincher Creek|14662|lectus.pede@Donecegestas.com|07/12/18|1-855-396-3052
Avram Rivers|666-9414 In St.|Montelupo Fiorentino|98915|turpis@Vestibulum.org|08/04/17|1-579-322-7080
Arsenio Mays|4693 Posuere Road|Innsbruck|870963|natoque.penatibus.et@tinciduntorciquis.com|01/01/18|360-8421
Howard Bird|8509 Quam St.|Gulfport|51414|orci.in.consequat@Fusce.org|20/11/17|1-760-811-7403
Hayden Gregory|6239 A, Avenue|Chapecó|44249|malesuada.vel.convallis@nec.com|12/05/18|843-3086
Slade Cotton|Ap #718-7883 Pede. Av.|Mundare|57115-073|sit.amet@convallisest.ca|03/03/18|521-0812
Harper Kirk|1561 Nec, Rd.|Nashville|5655 LT|nulla.In.tincidunt@sapiengravida.org|10/10/18|1-117-472-0651
Lewis Gill|Ap #873-1200 Ipsum Rd.|Monceau-Imbrechies|2915|ad.litora@nequeIn.org|08/04/18|1-103-384-0119
Jonah Battle|915 Odio. Rd.|Newtown|5280|libero.mauris@quis.net|28/11/18|1-194-590-8202
Beck Hebert|Ap #795-5076 Dictum Av.|St. Veit an der Glan|04377|nibh.Phasellus.nulla@pellentesquemassa.net|16/05/17|372-8546
Gray Powell|882-686 Eu St.|Gondiya|7734|nec@quis.net|07/05/18|234-4437
Shad Higgins|Ap #602-2783 Amet St.|Bremerhaven|W94 0OT|ultrices.a.auctor@magna.org|10/09/18|1-341-945-5319
Ray Simon|Ap #883-6696 Magna. Road|Surat|UI5 9VR|vehicula.Pellentesque@sagittis.com|23/08/18|1-222-633-8296
Gray Hopkins|P.O. Box 218, 4883 In Street|Itajaí|13090|luctus.et.ultrices@accumsannequeet.co.uk|13/05/17|1-115-851-5507
Quentin Bennett|P.O. Box 224, 7196 Euismod Street|Meeswijk|0850 RT|consectetuer.adipiscing.elit@est.co.uk|10/06/17|600-5726
Cadman Bowman|P.O. Box 908, 6304 Nec, St.|Stewart|35485|sociosqu@facilisisegetipsum.edu|31/05/17|268-1602
Abel Petty|P.O. Box 508, 1824 Nec St.|Dudzele|24532|id.libero@MaurismagnaDuis.edu|04/10/17|652-6472
Burke Hardin|Ap #275-9501 Ac Avenue|Cannes|961299|id.sapien@ametanteVivamus.net|12/06/17|1-475-155-2454
Demetrius Harvey|P.O. Box 308, 9492 Scelerisque Ave|Jamoigne|522531|quam.a.felis@loremvehicula.co.uk|15/03/19|1-775-230-8052
Mufutau Hamilton|P.O. Box 849, 4178 A, Rd.|Bhind|50823|mauris.sit.amet@dapibus.ca|15/04/17|1-987-916-7385
Sebastian Juarez|P.O. Box 718, 4071 Malesuada Av.|Curicó|56295|vehicula.et@massarutrum.net|01/12/17|1-813-256-0300
Adrian Molina|2632 Vitae Avenue|Saint-Pierre|83-628|orci.Donec@Crasinterdum.edu|14/02/18|209-0795
Vladimir Valenzuela|1158 Interdum Rd.|Guysborough|28510|mauris@metusvitaevelit.ca|07/05/17|535-2585
Plato Cline|4672 Dictum Street|Bargagli|886043|ullamcorper.eu.euismod@malesuada.com|10/07/17|486-3373
Daquan Armstrong|Ap #427-5843 Convallis St.|Carmarthen|04-544|Aliquam.auctor@netusetmalesuada.org|05/09/18|211-5624
Oliver Workman|6924 Ridiculus Street|Jennersdorf|25279|In.nec@etultrices.net|21/03/18|1-867-314-9718
Yardley Walker|Ap #348-2037 Turpis Av.|Londerzeel|79561-173|Mauris.vel.turpis@interdum.org|17/03/18|222-5279
Jesse Scott|782-342 Vitae, Street|Malderen|37-375|Nunc.ut@Duis.co.uk|04/07/18|985-5379
Jelani Mcfarland|3570 Aliquam St.|Imphal|0821|mauris@Cumsociisnatoque.org|26/09/17|1-142-356-9525
Ross Long|2942 Interdum. Rd.|Toledo|57-480|habitant@quispede.com|17/03/19|1-531-643-6267
Brenden Fuentes|Ap #808-1425 Sociosqu Ave|Assen|8187 SH|cubilia@sagittissemperNam.ca|11/06/18|1-587-493-3964
Garrison Gonzales|806-2615 Dui. Avenue|Concepción|623063|risus.Donec.nibh@pharetraQuisqueac.co.uk|17/09/17|948-6125
Leonard Frazier|189-8437 Erat, Road|Treguaco|18-333|sed@in.ca|04/10/18|933-1645
Norman Calderon|P.O. Box 479, 7949 Suspendisse Rd.|Chillán|741129|erat.Sed@volutpat.co.uk|21/01/18|1-278-812-8731
Grant Farrell|Ap #339-9614 Erat Road|Santa Bárbara|7658|arcu.Curabitur.ut@Donecest.co.uk|17/01/19|1-578-520-2406
Asher Wynn|Ap #785-8468 At Street|Paine|14938|tincidunt.vehicula.risus@egetdictumplacerat.net|08/03/18|1-826-501-0321
Sylvester Kirby|8646 Vitae Ave|Deurne|6797|vitae.posuere.at@non.edu|08/06/17|176-2477
Yoshio Hernandez|Ap #859-338 Eget Rd.|Tione di Trento|5298|nisi.sem.semper@laciniamattisInteger.co.uk|28/03/17|1-832-735-0889
Samson Riggs|Ap #243-4738 Mauris Avenue|Hallein|4251|iaculis.lacus@Duisami.ca|05/02/18|1-819-691-8828
Bruno Burns|P.O. Box 548, 6941 Lorem, Street|Thirimont|66439|porttitor.eros.nec@ullamcorper.com|25/12/17|1-163-880-4217
William Alexander|Ap #416-5594 Mus. St.|Hay River|49642|magna.a.neque@nunc.edu|05/07/17|614-3077
Timon Miles|570-8592 Eu Street|La Cisterna|71515|Mauris.non@elementumpurusaccumsan.com|31/03/17|896-3286
Clark Stout|234-1900 Suscipit Rd.|Kota|3371|elit@ametfaucibusut.org|19/05/18|257-3739
Damian Bass|157-8997 Vestibulum Av.|New Radnor|7034 LR|hendrerit.Donec.porttitor@malesuadavelconvallis.co.uk|04/04/17|142-6857
Warren Keith|8319 Sit Ave|Davangere|26903|amet.dapibus@Fusce.org|25/10/18|1-548-253-7122
Bradley Clements|P.O. Box 852, 1699 Donec Rd.|Ranchi|6637|tellus.eu@vitae.com|15/06/17|188-6220
Alan Waller|4042 In Rd.|Sundrie|10352|ridiculus@euismodenim.co.uk|20/06/18|1-966-850-1043
Burke Madden|904-4282 Orci, Rd.|Saint-Martin|454419|molestie.tortor@eget.co.uk|04/09/18|1-227-173-9772
Grant Suarez|8337 Aliquet. Rd.|San Giovanni Lipioni|3262|viverra@Seddiam.co.uk|06/08/18|1-794-599-4091
Ira Ramos|836-5734 Gravida. Street|Solre-Saint-GŽry|5494|velit.in.aliquet@malesuadavel.net|10/06/17|577-6816
Chase Little|Ap #125-2233 Dapibus Rd.|Bo‘lhe|61402|nec.mollis.vitae@Sednulla.org|02/11/17|479-2321
Abraham Morales|P.O. Box 247, 2332 Maecenas St.|Bad Oldesloe|15568|convallis@at.net|27/10/17|871-9509
Steel Daniel|P.O. Box 217, 3889 Vel Ave|Charleroi|1102|pede.nec@nonenim.com|10/05/18|1-419-976-0870
Cruz Hyde|729-8723 Tortor Av.|Bo‘lhe|941021|a.magna.Lorem@imperdieterat.edu|29/09/17|702-0300
Len Barker|Ap #601-1675 Libero. Street|Moxhe|613756|Suspendisse@adipiscingelitAliquam.net|14/01/18|187-0450
David House|P.O. Box 592, 9531 Nunc St.|Kiel|4314|lectus.a.sollicitudin@Proindolor.com|24/11/18|1-503-483-4624
Brock Beasley|P.O. Box 619, 3431 Ligula. St.|Contulmo|988361|consectetuer.ipsum@sollicitudinorci.com|23/08/17|742-8779
Colorado Bender|Ap #930-3027 A Rd.|Bossire|99062|Curae.Phasellus@ipsumnon.org|20/09/17|297-7726
Basil Brennan|298-6959 Integer Rd.|Rankweil|00771|justo.eu.arcu@loremac.co.uk|05/09/17|1-965-269-9323